Time,TIFD,TIFD_Lat,TIFD_Long,TIRD,TIRD_Lat,TIRD_Long,Distance
20:40:29, df, 0.00070, 0.00070, xcv, 0.00100, 0.00100, 0
20:40:30, df, 0.00080, 0.00080, xcv, 0.00110, 0.00110, 0
20:40:31, df, 0.00090, 0.00090, xcv, 0.00120, 0.00120, 0
20:40:32, df, 0.00100, 0.00100, xcv, 0.00130, 0.00130, 0
20:40:33, df, 0.00110, 0.00110, xcv, 0.00140, 0.00140, 0
20:40:34, df, 0.00120, 0.00120, xcv, 0.00150, 0.00150, 0
20:40:35, df, 0.00130, 0.00130, xcv, 0.00160, 0.00160, 0
20:40:36, df, 0.00140, 0.00140, xcv, 0.00170, 0.00170, 0
20:40:37, df, 0.00150, 0.00150, xcv, 0.00180, 0.00180, 0
