Time,TIFD,TIFD_Lat,TIFD_Long,TIRD,TIRD_Lat,TIRD_Long,Distance
20:40:28, gd, 0.00070, 0.00070, wqaer, 0.00090, 0.00090, 0
20:40:29, gd, 0.00080, 0.00080, wqaer, 0.00100, 0.00100, 0
20:40:31, gd, 0.00090, 0.00090, wqaer, 0.00110, 0.00110, 0
20:40:32, gd, 0.00100, 0.00100, wqaer, 0.00120, 0.00120, 0
20:40:33, gd, 0.00110, 0.00110, wqaer, 0.00130, 0.00130, 0
20:40:34, gd, 0.00120, 0.00120, wqaer, 0.00140, 0.00140, 0
20:40:35, gd, 0.00130, 0.00130, wqaer, 0.00150, 0.00150, 0
20:40:36, gd, 0.00140, 0.00140, wqaer, 0.00160, 0.00160, 0
20:40:37, gd, 0.00150, 0.00150, wqaer, 0.00170, 0.00170, 0
